"lswmt","01"
gender,interview_age,interview_date,ls1lap2,ls2lap1,ls2lap2,src_subject_id,subjectkey,wmls1l2t1,wmls1l3t1,wmls1l3t3,wmls1l4t2,wmls1l5t1,wmls1l5t2,wmls2l03a,wmls2l04a,wmls2l04t2,wmls2l05t3,wmls2l06t3,ls1lap1,wmls1l6t3,wmls1l7t1,wmls1l7t2,wmls1l8t1,wmls1l8t2,wmls2l07t1,wmls2l07t3,wmls2l06b,wmls2l08t1,wmls1l6t1,wmls2l05t1,wmls2l04t1
F,360.0,2017-03-09,1.0,1.0,2.0,HCA7532876,NDAR_GUID,2.0,0.0,1.0,2.0,0.0,0.0,2.0,0.0,2.0,2.0,0.0,,,,,,,,,,,,,
F,360.0,2017-01-23,1.0,1.0,1.0,HCDP1196_V1,NDAR_GUID,,4.0,,2.0,,2.0,2.0,2.0,2.0,2.0,,1.0,2.0,0.0,1.0,0.0,0.0,0.0,0.0,,,,,
F,360.0,2017-01-03,1.0,1.0,1.0,HCDP3001_V1,NDAR_GUID,,4.0,,2.0,,2.0,2.0,2.0,2.0,2.0,,1.0,2.0,2.0,,0.0,0.0,,2.0,0.0,0.0,,,
F,360.0,2016-12-29,1.0,1.0,1.0,HCDP3101_V1,NDAR_GUID,,4.0,,2.0,,2.0,2.0,2.0,2.0,2.0,,1.0,0.0,0.0,0.0,,,0.0,0.0,,,1.0,,
F,360.0,2017-01-21,1.0,1.0,2.0,HCDP3102_V1,NDAR_GUID,,4.0,,2.0,,2.0,2.0,0.0,2.0,2.0,1.0,1.0,0.0,,,,,0.0,0.0,,,0.0,,
F,360.0,2017-01-27,1.0,1.0,1.0,HCDP3202_V1,NDAR_GUID,,4.0,,2.0,,2.0,2.0,2.0,2.0,2.0,,1.0,2.0,2.0,,0.0,0.0,,2.0,0.0,0.0,,,
F,360.0,2016-12-13,1.0,1.0,1.0,Parent,NDAR_GUID,,4.0,,2.0,,2.0,2.0,2.0,2.0,2.0,,1.0,2.0,0.0,1.0,2.0,,1.0,0.0,0.0,0.0,,,
F,360.0,2017-03-17,1.0,1.0,2.0,HCA7497901_V1,NDAR_GUID,,4.0,,2.0,,2.0,2.0,,2.0,0.0,,1.0,0.0,,,,,,,,,0.0,0.0,
F,360.0,2016-12-08,2.0,1.0,1.0,1234567,NDAR_GUID,,4.0,,2.0,,2.0,2.0,2.0,2.0,2.0,,1.0,0.0,,,,,0.0,0.0,,,0.0,,
F,360.0,2016-11-29,1.0,1.0,1.0,practice run,NDAR_GUID,,4.0,,2.0,,2.0,2.0,2.0,2.0,2.0,,1.0,2.0,2.0,,2.0,,,2.0,,2.0,,,
F,360.0,2016-12-07,1.0,1.0,1.0,Subject,NDAR_GUID,,4.0,,2.0,,2.0,2.0,2.0,2.0,2.0,,1.0,2.0,2.0,,0.0,0.0,,2.0,,2.0,,,
F,360.0,2017-01-20,1.0,1.0,2.0,HCAP1017_V1,NDAR_GUID,,4.0,,2.0,,2.0,2.0,2.0,2.0,2.0,,1.0,2.0,0.0,0.0,,,0.0,0.0,,,,,
F,360.0,2016-12-30,1.0,1.0,3.0,HCAP3438_V1,NDAR_GUID,,4.0,,2.0,,2.0,2.0,0.0,0.0,2.0,0.0,1.0,0.0,,,,,,,,,0.0,,1.0
F,360.0,2017-03-18,1.0,1.0,1.0,HCA9196088_V1,NDAR_GUID,,4.0,,2.0,,2.0,2.0,2.0,2.0,2.0,,1.0,0.0,0.0,0.0,,,0.0,0.0,,,1.0,,
F,360.0,2017-02-22,1.0,1.0,2.0,HCD4361860_V1,NDAR_GUID,,4.0,,2.0,,2.0,2.0,2.0,2.0,2.0,,1.0,2.0,0.0,0.0,,,,2.0,0.0,0.0,,,
F,360.0,2017-03-09,1.0,1.0,1.0,HCA8043765_V1,NDAR_GUID,,4.0,,2.0,,2.0,2.0,2.0,2.0,2.0,,1.0,2.0,2.0,,2.0,,0.0,0.0,,,,,
F,360.0,2017-03-16,1.0,1.0,1.0,HCA6880490_V1,NDAR_GUID,,4.0,,2.0,,2.0,2.0,0.0,2.0,2.0,1.0,1.0,0.0,,,,,0.0,0.0,,,0.0,,
F,360.0,2017-03-18,1.0,1.0,1.0,HCD2890776_V1,NDAR_GUID,,4.0,,2.0,,2.0,2.0,0.0,2.0,2.0,1.0,1.0,2.0,0.0,0.0,,,0.0,0.0,,,,,
F,360.0,2017-03-13,1.0,1.0,2.0,HCA8209672,NDAR_GUID,,4.0,,2.0,,2.0,2.0,2.0,2.0,2.0,,1.0,2.0,0.0,0.0,,,0.0,0.0,,,,,
F,360.0,2017-03-04,1.0,1.0,1.0,HCP2377158_V1,NDAR_GUID,,4.0,,2.0,,2.0,2.0,2.0,2.0,2.0,,1.0,2.0,0.0,0.0,,,0.0,0.0,,,,,
F,360.0,2017-01-29,1.0,1.0,1.0,HCAP2872_V1,NDAR_GUID,,4.0,,2.0,,2.0,2.0,2.0,2.0,2.0,,1.0,2.0,2.0,,0.0,0.0,,2.0,,2.0,,,
F,360.0,2017-03-04,1.0,1.0,1.0,HCD2664161_V1,NDAR_GUID,,4.0,,2.0,,2.0,2.0,2.0,2.0,2.0,,1.0,2.0,0.0,0.0,,,1.0,0.0,0.0,0.0,,,
F,360.0,2017-03-04,1.0,1.0,1.0,HCD2001517_V1,NDAR_GUID,,4.0,,2.0,,2.0,2.0,2.0,2.0,2.0,,1.0,2.0,0.0,0.0,,,0.0,0.0,,,,,
F,360.0,2016-12-28,1.0,1.0,1.0,HCAP1004_V1,NDAR_GUID,,4.0,,2.0,,2.0,2.0,2.0,2.0,2.0,,1.0,0.0,0.0,0.0,,,0.0,0.0,,,1.0,,
F,360.0,2016-12-20,1.0,1.0,3.0,HCAP1065_V1,NDAR_GUID,,4.0,,2.0,,2.0,2.0,2.0,2.0,2.0,,1.0,0.0,0.0,0.0,,,0.0,0.0,,,1.0,,
F,360.0,2017-02-26,1.0,1.0,1.0,HCD0353538_V1,NDAR_GUID,,4.0,,2.0,,2.0,2.0,2.0,2.0,2.0,,1.0,0.0,0.0,0.0,,,,2.0,0.0,0.0,1.0,,
F,360.0,2016-11-16,2.0,1.0,2.0,Test 11-16,NDAR_GUID,,4.0,,2.0,,2.0,2.0,2.0,2.0,2.0,,1.0,0.0,0.0,0.0,,,,2.0,0.0,0.0,1.0,,
F,360.0,2016-08-24,1.0,1.0,1.0,Test001,NDAR_GUID,,4.0,,2.0,,2.0,2.0,2.0,2.0,2.0,,1.0,2.0,0.0,0.0,,,0.0,0.0,,,,,
F,360.0,2017-02-15,1.0,1.0,1.0,HAC6629078,NDAR_GUID,,4.0,,2.0,,2.0,2.0,2.0,2.0,2.0,,1.0,2.0,0.0,0.0,,,0.0,0.0,,,,,
F,360.0,2016-12-19,1.0,1.0,1.0,NDAR_INVEYAX14LC,NDAR_GUID,,4.0,,2.0,,2.0,2.0,2.0,2.0,0.0,,1.0,2.0,2.0,,0.0,0.0,0.0,0.0,,,,1.0,
F,360.0,2016-12-20,1.0,1.0,1.0,NDAR_INVV874VP8D,NDAR_GUID,,4.0,,2.0,,2.0,2.0,2.0,2.0,2.0,,1.0,2.0,0.0,0.0,,,0.0,0.0,,,,,
F,360.0,2016-12-27,1.0,1.0,1.0,Test122716,NDAR_GUID,,4.0,,2.0,,2.0,2.0,2.0,2.0,2.0,,1.0,2.0,0.0,1.0,2.0,,,2.0,1.0,0.0,,,
F,360.0,2017-03-12,1.0,1.0,1.0,HCA9814189_V1,NDAR_GUID,,4.0,,2.0,,2.0,2.0,2.0,2.0,2.0,,1.0,2.0,2.0,,0.0,0.0,0.0,0.0,,,,,
F,360.0,2017-03-18,1.0,1.0,1.0,HCD0462341_V1,NDAR_GUID,,4.0,,2.0,,2.0,2.0,2.0,2.0,0.0,,1.0,0.0,,,,,0.0,0.0,,,0.0,1.0,
F,360.0,2017-02-19,1.0,1.0,1.0,HCA7025859_V1,NDAR_GUID,,4.0,,2.0,,2.0,2.0,2.0,2.0,0.0,,1.0,0.0,0.0,0.0,,,1.0,0.0,0.0,0.0,1.0,1.0,
F,360.0,2017-01-21,1.0,1.0,1.0,HCDP1120_V1,NDAR_GUID,,4.0,,2.0,,2.0,2.0,2.0,2.0,2.0,,1.0,0.0,0.0,1.0,0.0,0.0,0.0,0.0,,,1.0,,
F,360.0,2017-01-05,1.0,1.0,3.0,HCAP3821_V1,NDAR_GUID,,4.0,,2.0,,2.0,2.0,0.0,2.0,0.0,0.0,1.0,0.0,,,,,,,,,0.0,1.0,
F,360.0,2017-03-12,1.0,1.0,1.0,HCD1865570_v1,NDAR_GUID,,4.0,,2.0,,2.0,2.0,2.0,2.0,2.0,,1.0,2.0,0.0,0.0,,,0.0,0.0,,,,,
F,360.0,2017-01-11,1.0,1.0,1.0,HCAP4002,NDAR_GUID,,4.0,,2.0,,2.0,2.0,2.0,2.0,2.0,,1.0,2.0,0.0,1.0,0.0,0.0,0.0,0.0,,,,,
F,360.0,2017-01-26,1.0,1.0,1.0,HCAP4004,NDAR_GUID,,4.0,,2.0,,2.0,2.0,2.0,2.0,2.0,,1.0,2.0,0.0,0.0,,,,2.0,0.0,0.0,,,
F,360.0,2017-03-02,1.0,1.0,1.0,HCD1959680_V1,NDAR_GUID,,4.0,,2.0,,2.0,2.0,2.0,2.0,2.0,,1.0,2.0,2.0,,0.0,0.0,,2.0,0.0,0.0,,,
F,360.0,2017-03-20,1.0,1.0,1.0,HCA6878504_V1,NDAR_GUID,,4.0,,2.0,,2.0,2.0,2.0,2.0,2.0,,1.0,2.0,0.0,0.0,,,0.0,0.0,,,,,
F,360.0,2017-02-17,1.0,1.0,1.0,HCD1838567_V1,NDAR_GUID,,4.0,,2.0,,2.0,2.0,2.0,2.0,2.0,,1.0,2.0,0.0,0.0,,,0.0,0.0,,,,,
F,360.0,2017-03-04,1.0,1.0,1.0,HCD2001517_V1,NDAR_GUID,,4.0,,2.0,,2.0,2.0,2.0,2.0,2.0,,1.0,2.0,0.0,0.0,,,0.0,0.0,,,,,
F,360.0,2017-01-19,1.0,1.0,1.0,hcdp2094,NDAR_GUID,,4.0,,2.0,,2.0,2.0,2.0,2.0,2.0,,2.0,2.0,0.0,1.0,0.0,0.0,,2.0,0.0,0.0,,,
F,360.0,2017-02-19,1.0,1.0,1.0,HCD4886088,NDAR_GUID,,4.0,,2.0,,2.0,2.0,0.0,2.0,2.0,1.0,1.0,0.0,2.0,,0.0,0.0,0.0,0.0,,,1.0,,
F,360.0,2017-03-20,1.0,1.0,1.0,HCA6878504_V1,NDAR_GUID,,4.0,,2.0,,2.0,2.0,2.0,2.0,2.0,,1.0,2.0,0.0,0.0,,,0.0,0.0,,,,,
F,360.0,2017-01-07,1.0,1.0,1.0,HCDP1222_V1,NDAR_GUID,,4.0,,2.0,,2.0,2.0,0.0,2.0,2.0,1.0,1.0,2.0,0.0,0.0,,,1.0,0.0,0.0,0.0,,,
F,360.0,2017-03-17,1.0,1.0,1.0,HCA8738598_V1,NDAR_GUID,,4.0,,2.0,,2.0,2.0,2.0,2.0,2.0,,1.0,2.0,2.0,,2.0,,0.0,0.0,,,,,
F,360.0,2017-02-27,1.0,1.0,1.0,HCA6732980_V1,NDAR_GUID,,4.0,,2.0,,2.0,2.0,2.0,2.0,2.0,,1.0,2.0,0.0,0.0,,,,2.0,0.0,0.0,,,
F,360.0,2017-02-28,1.0,1.0,2.0,HCA9137577_V1,NDAR_GUID,,4.0,,2.0,,2.0,2.0,0.0,2.0,2.0,1.0,1.0,2.0,0.0,1.0,0.0,0.0,,2.0,0.0,0.0,,,
F,360.0,2017-02-13,1.0,1.0,1.0,HCD0244230_V1,NDAR_GUID,,4.0,,2.0,,2.0,2.0,2.0,2.0,2.0,,1.0,2.0,2.0,,0.0,0.0,,2.0,0.0,0.0,,,
F,360.0,2017-03-04,1.0,1.0,1.0,HCA6426670_V1,NDAR_GUID,,4.0,,2.0,,2.0,2.0,2.0,2.0,2.0,,1.0,2.0,2.0,,2.0,,,2.0,,2.0,,,
F,360.0,2017-02-21,1.0,1.0,1.0,HCA6576487_V1,NDAR_GUID,,4.0,,2.0,,2.0,2.0,2.0,2.0,2.0,,1.0,2.0,0.0,0.0,,,1.0,0.0,0.0,0.0,,,
F,360.0,2017-03-09,1.0,1.0,1.0,HCA6631671_V1,NDAR_GUID,,4.0,,2.0,,2.0,2.0,2.0,2.0,2.0,,1.0,2.0,2.0,,0.0,0.0,,2.0,,2.0,,,
F,360.0,2017-02-05,1.0,1.0,1.0,HCDP4268_V1,NDAR_GUID,,4.0,,2.0,,2.0,2.0,2.0,2.0,2.0,,1.0,0.0,0.0,1.0,0.0,0.0,,2.0,0.0,0.0,1.0,,
F,360.0,2017-02-27,2.0,1.0,1.0,HCA6736483_V1,NDAR_GUID,,4.0,,2.0,,2.0,2.0,0.0,2.0,2.0,0.0,1.0,2.0,0.0,0.0,,,,,,,,,
F,360.0,2017-01-19,1.0,1.0,1.0,HCDP1111_V1,NDAR_GUID,,4.0,,2.0,,2.0,2.0,2.0,2.0,2.0,,1.0,0.0,,,,,1.0,0.0,0.0,0.0,0.0,,
F,360.0,2017-01-20,1.0,1.0,1.0,HCDP2085_V1,NDAR_GUID,,4.0,,2.0,,2.0,2.0,2.0,2.0,2.0,,1.0,2.0,0.0,0.0,,,0.0,0.0,,,,,
F,360.0,2017-01-28,1.0,1.0,1.0,HCPD2105_V1,NDAR_GUID,,4.0,,2.0,,2.0,2.0,2.0,2.0,2.0,,1.0,2.0,0.0,0.0,,,0.0,0.0,,,,,
F,360.0,2017-01-21,1.0,1.0,1.0,HCPD2198_V1,NDAR_GUID,,4.0,,2.0,,2.0,2.0,2.0,2.0,2.0,,1.0,2.0,0.0,1.0,0.0,0.0,1.0,0.0,0.0,0.0,,,
F,360.0,2017-02-18,1.0,1.0,1.0,HCD0611635_V1,NDAR_GUID,,4.0,,2.0,,2.0,2.0,2.0,2.0,2.0,,1.0,2.0,0.0,0.0,,,1.0,0.0,0.0,0.0,,,
F,360.0,2017-03-19,1.0,1.0,1.0,HCD4411041_V1,NDAR_GUID,,4.0,,2.0,,2.0,2.0,2.0,2.0,2.0,,1.0,2.0,0.0,0.0,,,0.0,0.0,,,,,
F,360.0,2016-12-30,1.0,1.0,3.0,HCAP3438_V1,NDAR_GUID,,4.0,,2.0,,2.0,2.0,0.0,0.0,2.0,0.0,1.0,0.0,,,,,,,,,0.0,,1.0
F,360.0,2017-01-29,1.0,1.0,1.0,HCAP2872_V1,NDAR_GUID,,4.0,,2.0,,2.0,2.0,2.0,2.0,2.0,,1.0,2.0,2.0,,0.0,0.0,,2.0,,2.0,,,
F,360.0,2017-01-10,1.0,1.0,1.0,HCAP1079_V1,NDAR_GUID,,4.0,,2.0,,2.0,2.0,2.0,2.0,2.0,,1.0,0.0,,,,,1.0,0.0,0.0,0.0,0.0,,
F,360.0,2017-03-11,1.0,1.0,1.0,HCA7625176_V1,NDAR_GUID,,4.0,,2.0,,2.0,2.0,2.0,0.0,2.0,,1.0,2.0,2.0,,0.0,0.0,0.0,0.0,,,,,1.0
F,360.0,2017-01-19,1.0,1.0,1.0,testhb,NDAR_GUID,,4.0,,2.0,,2.0,2.0,2.0,2.0,2.0,,1.0,2.0,0.0,1.0,0.0,0.0,0.0,0.0,,,,,
F,360.0,2017-02-13,1.0,1.0,2.0,HCA6397992_V1,NDAR_GUID,,4.0,,2.0,,2.0,2.0,2.0,2.0,2.0,,1.0,0.0,,,,,0.0,0.0,,,0.0,,
F,360.0,2017-02-21,1.0,1.0,1.0,HCD0848060_V1,NDAR_GUID,,4.0,,2.0,,2.0,2.0,2.0,2.0,2.0,,1.0,2.0,0.0,0.0,,,1.0,0.0,0.0,0.0,,,
F,360.0,2016-12-21,1.0,1.0,1.0,HCAP3188_V1,NDAR_GUID,,4.0,,2.0,,2.0,2.0,0.0,2.0,2.0,0.0,1.0,2.0,0.0,0.0,,,,,,,,,
F,360.0,2017-03-06,1.0,1.0,1.0,HCD0810944_V1,NDAR_GUID,,4.0,,2.0,,2.0,2.0,2.0,2.0,2.0,,1.0,2.0,0.0,0.0,,,0.0,0.0,,,,,
F,360.0,2017-01-05,1.0,1.0,1.0,HCAP2002_V1,NDAR_GUID,,4.0,,2.0,,2.0,2.0,0.0,2.0,2.0,0.0,1.0,0.0,0.0,0.0,,,,,,,1.0,,
F,360.0,2017-01-17,1.0,1.0,1.0,HCAP2558_v1,NDAR_GUID,,4.0,,2.0,,2.0,2.0,,2.0,0.0,,1.0,0.0,,,,,,,,,0.0,0.0,
F,360.0,2017-02-18,1.0,1.0,1.0,HCA7126865,NDAR_GUID,,4.0,,2.0,,2.0,2.0,2.0,2.0,2.0,,1.0,0.0,,,,,0.0,0.0,,,0.0,,
F,360.0,2017-02-20,1.0,1.0,1.0,HCA9808700_V1,NDAR_GUID,,4.0,,2.0,,2.0,2.0,2.0,2.0,2.0,,1.0,0.0,0.0,0.0,,,1.0,0.0,0.0,0.0,1.0,,
F,360.0,2016-12-19,1.0,1.0,1.0,NDAR_INVEYAX14LC,NDAR_GUID,,4.0,,2.0,,2.0,2.0,2.0,2.0,0.0,,1.0,2.0,2.0,,0.0,0.0,0.0,0.0,,,,1.0,
F,360.0,2016-12-20,1.0,1.0,1.0,NDAR_INVV874VP8D,NDAR_GUID,,4.0,,2.0,,2.0,2.0,2.0,2.0,2.0,,1.0,2.0,0.0,0.0,,,0.0,0.0,,,,,
F,360.0,2017-01-11,1.0,1.0,1.0,Practicejd,NDAR_GUID,,4.0,,2.0,,2.0,2.0,0.0,0.0,2.0,0.0,1.0,2.0,2.0,,0.0,1.0,,,,,,,1.0
F,360.0,2016-12-08,2.0,1.0,1.0,1234567,NDAR_GUID,,4.0,,2.0,,2.0,2.0,2.0,2.0,2.0,,1.0,0.0,,,,,0.0,0.0,,,0.0,,
F,360.0,2016-11-29,1.0,1.0,1.0,practice run,NDAR_GUID,,4.0,,2.0,,2.0,2.0,2.0,2.0,2.0,,1.0,2.0,2.0,,2.0,,,2.0,,2.0,,,
F,360.0,2016-12-07,1.0,1.0,1.0,Subject,NDAR_GUID,,4.0,,2.0,,2.0,2.0,2.0,2.0,2.0,,1.0,2.0,2.0,,0.0,0.0,,2.0,,2.0,,,
F,360.0,2017-03-03,1.0,1.0,2.0,HCD0508945_V1,NDAR_GUID,,4.0,,2.0,,2.0,2.0,2.0,2.0,2.0,,1.0,2.0,0.0,0.0,,,0.0,0.0,,,,,
F,360.0,2017-03-01,1.0,1.0,1.0,HCA8378594_V1,NDAR_GUID,,4.0,,2.0,,2.0,2.0,2.0,2.0,2.0,,1.0,2.0,0.0,0.0,,,0.0,0.0,,,,,
F,360.0,2017-02-04,1.0,1.0,1.0,HCDP4168_V1,NDAR_GUID,,4.0,,2.0,,2.0,2.0,2.0,2.0,2.0,,1.0,0.0,0.0,1.0,0.0,0.0,1.0,0.0,0.0,0.0,1.0,,
F,360.0,2017-01-26,1.0,1.0,1.0,HCAP2371_V1,NDAR_GUID,,4.0,,2.0,,2.0,2.0,2.0,2.0,2.0,,1.0,2.0,0.0,1.0,0.0,0.0,0.0,0.0,,,,,
F,360.0,2017-01-23,1.0,1.0,1.0,HCAP2446_v1a,NDAR_GUID,,4.0,,2.0,,2.0,2.0,,2.0,0.0,,1.0,0.0,0.0,0.0,,,,,,,1.0,0.0,
F,360.0,2017-02-17,1.0,1.0,1.0,HCA7299593_V1,NDAR_GUID,,4.0,,2.0,,2.0,2.0,2.0,2.0,2.0,,1.0,2.0,0.0,1.0,0.0,0.0,,2.0,0.0,0.0,,,
F,360.0,2017-03-17,1.0,1.0,1.0,HCD55950821,NDAR_GUID,,4.0,,2.0,,2.0,2.0,2.0,2.0,2.0,,1.0,2.0,0.0,1.0,0.0,0.0,,2.0,0.0,0.0,,,
F,360.0,2017-02-11,1.0,1.0,1.0,HCAP4005,NDAR_GUID,,4.0,,2.0,,2.0,2.0,2.0,2.0,2.0,,1.0,2.0,0.0,0.0,,,0.0,0.0,,,,,
F,360.0,2017-03-05,1.0,1.0,1.0,HCD4839180,NDAR_GUID,,4.0,,2.0,,2.0,2.0,0.0,2.0,2.0,1.0,1.0,2.0,0.0,1.0,0.0,0.0,0.0,0.0,,,,,
F,360.0,2016-12-13,2.0,1.0,1.0,participant,NDAR_GUID,,4.0,,2.0,,2.0,2.0,2.0,2.0,2.0,,1.0,2.0,2.0,,0.0,0.0,,2.0,0.0,0.0,,,
F,360.0,2017-03-13,1.0,1.0,1.0,HCA7029261_V1,NDAR_GUID,,4.0,,2.0,,2.0,2.0,2.0,2.0,2.0,,1.0,2.0,0.0,0.0,,,,2.0,0.0,0.0,,,
F,360.0,2017-03-18,1.0,1.0,2.0,HCD2783775_V1,NDAR_GUID,,4.0,,2.0,,2.0,2.0,2.0,2.0,2.0,,1.0,2.0,0.0,0.0,,,0.0,0.0,,,,,
F,360.0,2017-01-30,1.0,1.0,1.0,HCA7765432,NDAR_GUID,,4.0,,2.0,,2.0,2.0,2.0,2.0,2.0,,1.0,2.0,2.0,,0.0,0.0,0.0,0.0,,,,,
F,360.0,2017-02-24,1.0,1.0,1.0,HCA8555489_V1,NDAR_GUID,,4.0,,2.0,,2.0,2.0,2.0,2.0,2.0,,1.0,0.0,0.0,1.0,0.0,0.0,0.0,0.0,,,1.0,,
F,360.0,2017-02-22,1.0,1.0,1.0,HCA8540678_V1,NDAR_GUID,,4.0,,2.0,,2.0,2.0,2.0,2.0,2.0,,1.0,2.0,0.0,0.0,,,,2.0,0.0,0.0,,,
F,360.0,2017-03-20,1.0,1.0,1.0,HCA6054457_V1,NDAR_GUID,,4.0,,2.0,,2.0,2.0,2.0,2.0,2.0,,1.0,0.0,0.0,1.0,0.0,0.0,0.0,0.0,,,1.0,,
F,360.0,2017-02-23,1.0,1.0,1.0,HCD0147939_V1,NDAR_GUID,,4.0,,2.0,,2.0,2.0,2.0,2.0,2.0,,1.0,2.0,2.0,,0.0,0.0,0.0,0.0,,,,,
F,360.0,2017-01-05,1.0,1.0,1.0,HCAP4001,NDAR_GUID,,4.0,,2.0,,2.0,2.0,2.0,2.0,2.0,,1.0,2.0,0.0,0.0,,,,2.0,0.0,0.0,,,
F,360.0,2017-01-14,1.0,1.0,1.0,HCAP4003,NDAR_GUID,,4.0,,2.0,,2.0,2.0,2.0,2.0,2.0,,1.0,2.0,0.0,1.0,2.0,,1.0,0.0,,2.0,,,
F,360.0,2017-02-15,1.0,1.0,1.0,HCA6780789,NDAR_GUID,,4.0,,2.0,,2.0,2.0,2.0,2.0,2.0,,1.0,2.0,2.0,,0.0,0.0,0.0,0.0,,,,,
F,360.0,2017-03-09,1.0,1.0,1.0,HCA6228767_V1_A,NDAR_GUID,,4.0,,2.0,,2.0,2.0,2.0,2.0,2.0,,1.0,2.0,0.0,0.0,,,,2.0,0.0,0.0,,,
F,360.0,2017-03-07,1.0,1.0,1.0,HCA9286392_V1,NDAR_GUID,,4.0,,2.0,,2.0,2.0,0.0,2.0,2.0,0.0,1.0,0.0,,,,,,,,,0.0,,
F,360.0,2017-02-21,1.0,1.0,1.0,HCA6646583_V1,NDAR_GUID,,4.0,,2.0,,2.0,2.0,2.0,2.0,2.0,,1.0,2.0,2.0,,0.0,0.0,,2.0,0.0,0.0,,,
